<?xml version="1.0" encoding="UTF-8"?>
<project-private xmlns="http://www.netbeans.org/ns/project-private/1">
    <editor-bookmarks xmlns="http://www.netbeans.org/ns/editor-bookmarks/2" lastBookmarkId="0"/>
    <open-files xmlns="http://www.netbeans.org/ns/projectui-open-files/2">
        <group>
            <file>file:/C:/xampp/htdocs/shop/shopproject/class/user.php</file>
            <file>file:/C:/xampp/htdocs/shop/shopproject/includes/config.php</file>
            <file>file:/C:/xampp/htdocs/shop/shopproject/buy/showcart.php</file>
            <file>file:/C:/xampp/htdocs/shop/shopproject/class/generic.php</file>
            <file>file:/C:/xampp/htdocs/shop/shopproject/product/showproduct.php</file>
            <file>file:/C:/xampp/htdocs/shop/shopproject/product/myproduct.php</file>
            <file>file:/C:/xampp/htdocs/shop/shopproject/buy/clearcart.php</file>
            <file>file:/C:/xampp/htdocs/shop/shopproject/class/buy.php</file>
            <file>file:/C:/xampp/htdocs/shop/shopproject/template/menue.php</file>
            <file>file:/C:/xampp/htdocs/shop/shopproject/buy/addtocart.php</file>
            <file>file:/C:/xampp/htdocs/shop/shopproject/class/product.php</file>
        </group>
    </open-files>
</project-private>
